ImageName,ImageLabel
000.jpg,0
001.jpg,0
002.jpg,0
003.jpg,0
004.jpg,0
005.jpg,0
006.jpg,0
007.jpg,0
008.jpg,0
009.jpg,0
010.jpg,0
011.jpg,0
012.jpg,0
013.jpg,0
014.jpg,0
015.jpg,0
016.jpg,0
017.jpg,0
018.jpg,0
019.jpg,0
020.jpg,0
021.jpg,0
022.jpg,0
023.jpg,0
024.jpg,0
025.jpg,0
026.jpg,0
027.jpg,0
028.jpg,0
029.jpg,0
030.jpg,0
031.jpg,0
032.jpg,0
033.jpg,0
034.jpg,0
035.jpg,0
036.jpg,0
037.jpg,0
038.jpg,0
039.jpg,0
040.jpg,0
041.jpg,0
042.jpg,0
043.jpg,0
044.jpg,0
045.jpg,0
046.jpg,0
047.jpg,0
048.jpg,0
049.jpg,0
050.jpg,0
051.jpg,0
052.jpg,0
053.jpg,0
054.jpg,0
055.jpg,0
056.jpg,0
057.jpg,0
058.jpg,0
059.jpg,0
060.jpg,0
061.jpg,0
062.jpg,0
063.jpg,0
064.jpg,0
065.jpg,0
066.jpg,0
067.jpg,0
068.jpg,0
069.jpg,0
070.jpg,0
071.jpg,0
072.jpg,0
073.jpg,0
074.jpg,0
075.jpg,0
076.jpg,0
077.jpg,0
078.jpg,0
079.jpg,0
080.jpg,0
081.jpg,0
082.jpg,0
083.jpg,0
084.jpg,0
085.jpg,0
086.jpg,0
087.jpg,0
088.jpg,0
089.jpg,0
090.jpg,0
091.jpg,0
092.jpg,0
093.jpg,0
094.jpg,0
095.jpg,0
096.jpg,0
097.jpg,0
098.jpg,0
099.jpg,0
100.jpg,0
101.jpg,0
102.jpg,0
103.jpg,0
104.jpg,0
105.jpg,0
106.jpg,0
107.jpg,0
108.jpg,0
109.jpg,0
110.jpg,0
111.jpg,0
112.jpg,0
113.jpg,0
114.jpg,0
115.jpg,0
116.jpg,0
117.jpg,0
118.jpg,0
119.jpg,0
120.jpg,0
121.jpg,0
122.jpg,0
123.jpg,0
124.jpg,0
125.jpg,0
126.jpg,0
127.jpg,0
128.jpg,0
129.jpg,0
130.jpg,0
131.jpg,0
132.jpg,0
133.jpg,0
134.jpg,0
135.jpg,0
136.jpg,0
137.jpg,0
138.jpg,0
139.jpg,0
140.jpg,0
141.jpg,0
142.jpg,0
143.jpg,0
144.jpg,0
145.jpg,0
146.jpg,0
147.jpg,0
148.jpg,0
149.jpg,0
150.jpg,0
151.jpg,0
152.jpg,0
153.jpg,0
154.jpg,0
155.jpg,0
156.jpg,0
157.jpg,0
158.jpg,0
159.jpg,0
160.jpg,0
161.jpg,0
162.jpg,0
163.jpg,0
164.jpg,0
165.jpg,0
166.jpg,0
167.jpg,0
168.jpg,0
169.jpg,0
170.jpg,0
171.jpg,0
172.jpg,0
173.jpg,0
174.jpg,0
175.jpg,0
176.jpg,0
177.jpg,0
178.jpg,0
179.jpg,0
180.jpg,0
181.jpg,0
182.jpg,0
183.jpg,0
184.jpg,0
185.jpg,0
186.jpg,0
187.jpg,0
188.jpg,0
189.jpg,0
190.jpg,0
191.jpg,0
192.jpg,0
193.jpg,0
194.jpg,0
195.jpg,0
196.jpg,0
197.jpg,0
198.jpg,0
199.jpg,0
200.jpg,0
201.jpg,0
202.jpg,0
203.jpg,0
204.jpg,0
205.jpg,0
206.jpg,0
207.jpg,0
